{"cameraMode":{"drawMode":0,"name":"Shaded","section":"Shading Mode"},"sceneLighting":false,"audioPlay":false,"sceneViewState":{"m_AlwaysRefresh":false,"showFog":true,"showSkybox":false,"showFlares":true,"showImageEffects":true,"showParticleSystems":true,"showVisualEffectGraphs":true,"m_FxEnabled":true},"in2DMode":false,"pivot":{"x":1.2368019819259644,"y":1.8088583946228028,"z":-6.196738243103027},"rotation":{"x":-0.0003737813385669142,"y":-0.9875697493553162,"z":0.15715263783931733,"w":-0.002371629001572728},"size":0.8660253882408142,"orthographic":false}